{"alpha":{"inner":138},"beta":{"inner":143},"delta":{"inner":111},"xi":[{"inner":69},{"inner":190},{"inner":3},{"inner":41},{"inner":142},{"inner":100},{"inner":28},{"inner":48},{"inner":154},{"inner":13},{"inner":94},{"inner":197},{"inner":15},{"inner":205},{"inner":208},{"inner":249},{"inner":140},{"inner":240},{"inner":17},{"inner":65},{"inner":219},{"inner":232},{"inner":75},{"inner":21},{"inner":36},{"inner":241},{"inner":198},{"inner":196},{"inner":85},{"inner":74},{"inner":91},{"inner":156},{"inner":124},{"inner":105},{"inner":180},{"inner":201},{"inner":237},{"inner":227},{"inner":174},{"inner":119},{"inner":204},{"inner":27},{"inner":118},{"inner":23},{"inner":147},{"inner":1},{"inner":181},{"inner":131},{"inner":117},{"inner":93},{"inner":16},{"inner":135},{"inner":88},{"inner":115},{"inner":233},{"inner":5},{"inner":152},{"inner":153},{"inner":83},{"inner":214},{"inner":80},{"inner":173},{"inner":189},{"inner":73},{"inner":161},{"inner":25},{"inner":7},{"inner":12},{"inner":164},{"inner":66},{"inner":149},{"inner":112},{"inner":192},{"inner":114},{"inner":52},{"inner":125},{"inner":35},{"inner":60},{"inner":67},{"inner":79},{"inner":243},{"inner":58},{"inner":207},{"inner":68},{"inner":9},{"inner":123},{"inner":175},{"inner":49},{"inner":84},{"inner":144},{"inner":211},{"inner":39},{"inner":31},{"inner":89},{"inner":45},{"inner":113},{"inner":122},{"inner":245},{"inner":169},{"inner":218},{"inner":51},{"inner":195},{"inner":155},{"inner":194}],"sum_gamma":[{"inner":235},{"inner":121},{"inner":49},{"inner":114},{"inner":239},{"inner":136},{"inner":60},{"inner":26},{"inner":27},{"inner":158},{"inner":162},{"inner":30},{"inner":165},{"inner":211},{"inner":10},{"inner":33},{"inner":92},{"inner":74},{"inner":105}],"sum_delta":[{"inner":237},{"inner":101},{"inner":209},{"inner":229},{"inner":87},{"inner":159},{"inner":235},{"inner":51},{"inner":75},{"inner":61},{"inner":68},{"inner":190},{"inner":91},{"inner":93},{"inner":68},{"inner":145},{"inner":122},{"inner":90},{"inner":54},{"inner":3},{"inner":135},{"inner":102},{"inner":203},{"inner":47},{"inner":44},{"inner":68},{"inner":143},{"inner":54},{"inner":177},{"inner":164},{"inner":118},{"inner":14},{"inner":15},{"inner":13},{"inner":167},{"inner":82},{"inner":85},{"inner":197},{"inner":126},{"inner":206},{"inner":205},{"inner":58},{"inner":106},{"inner":21},{"inner":68},{"inner":144},{"inner":66},{"inner":167},{"inner":225},{"inner":226},{"inner":232},{"inner":227},{"inner":64},{"inner":116},{"inner":51},{"inner":133},{"inner":46},{"inner":88},{"inner":163},{"inner":23},{"inner":118},{"inner":41},{"inner":144},{"inner":236},{"inner":177},{"inner":126},{"inner":87},{"inner":182},{"inner":136},{"inner":107},{"inner":45},{"inner":44},{"inner":14},{"inner":32},{"inner":14},{"inner":86},{"inner":245},{"inner":91},{"inner":98},{"inner":158},{"inner":205},{"inner":240},{"inner":106},{"inner":11},{"inner":160},{"inner":149},{"inner":144},{"inner":16},{"inner":250},{"inner":234},{"inner":5},{"inner":31},{"inner":13},{"inner":142},{"inner":9},{"inner":167},{"inner":209},{"inner":140},{"inner":19},{"inner":102},{"inner":250},{"inner":114},{"inner":160},{"inner":118},{"inner":64},{"inner":35},{"inner":30},{"inner":202},{"inner":233},{"inner":8}],"xi_t":[{"inner":111},{"inner":11},{"inner":234},{"inner":186},{"inner":32},{"inner":19},{"inner":176},{"inner":230},{"inner":215},{"inner":10},{"inner":53},{"inner":55},{"inner":166},{"inner":177},{"inner":160},{"inner":95},{"inner":127},{"inner":146},{"inner":71},{"inner":50},{"inner":14},{"inner":24},{"inner":77},{"inner":132},{"inner":47},{"inner":224},{"inner":133},{"inner":228},{"inner":104},{"inner":250},{"inner":70},{"inner":120},{"inner":134},{"inner":158},{"inner":235},{"inner":116},{"inner":163},{"inner":136},{"inner":18},{"inner":246},{"inner":99},{"inner":98},{"inner":168},{"inner":37},{"inner":171},{"inner":78},{"inner":62},{"inner":178},{"inner":90},{"inner":226},{"inner":244},{"inner":239},{"inner":87},{"inner":185},{"inner":102},{"inner":139},{"inner":59},{"inner":137},{"inner":199},{"inner":126},{"inner":216},{"inner":191},{"inner":184},{"inner":172},{"inner":8},{"inner":193},{"inner":44},{"inner":183},{"inner":242},{"inner":128},{"inner":76},{"inner":202},{"inner":167},{"inner":107},{"inner":40},{"inner":212},{"inner":220},{"inner":162},{"inner":206},{"inner":138},{"inner":129},{"inner":6},{"inner":82},{"inner":33},{"inner":200},{"inner":56},{"inner":96},{"inner":57},{"inner":26},{"inner":188},{"inner":143},{"inner":30},{"inner":159},{"inner":165},{"inner":247},{"inner":29},{"inner":229},{"inner":34},{"inner":130},{"inner":187},{"inner":213},{"inner":150},{"inner":42}]}