{"beta":{"inner":143},"gamma":{"inner":228},"delta":{"inner":111},"xi":[{"inner":69},{"inner":190},{"inner":3},{"inner":41},{"inner":142},{"inner":100},{"inner":28},{"inner":48},{"inner":154},{"inner":13},{"inner":94},{"inner":197},{"inner":15},{"inner":205},{"inner":208},{"inner":249},{"inner":140},{"inner":240},{"inner":17},{"inner":65},{"inner":219},{"inner":232},{"inner":75},{"inner":21},{"inner":36},{"inner":241},{"inner":198},{"inner":196},{"inner":85},{"inner":74},{"inner":91},{"inner":156},{"inner":124},{"inner":105},{"inner":180},{"inner":201},{"inner":237},{"inner":227},{"inner":174},{"inner":119},{"inner":204},{"inner":27},{"inner":118},{"inner":23},{"inner":147},{"inner":1},{"inner":181},{"inner":131},{"inner":117},{"inner":93},{"inner":16},{"inner":135},{"inner":88},{"inner":115},{"inner":233},{"inner":5},{"inner":152},{"inner":153},{"inner":83},{"inner":214},{"inner":80},{"inner":173},{"inner":189},{"inner":73},{"inner":161},{"inner":25},{"inner":7},{"inner":12},{"inner":164},{"inner":66},{"inner":149},{"inner":112},{"inner":192},{"inner":114},{"inner":52},{"inner":125},{"inner":35},{"inner":60},{"inner":67},{"inner":79},{"inner":243},{"inner":58},{"inner":207},{"inner":68},{"inner":9},{"inner":123},{"inner":175},{"inner":49},{"inner":84},{"inner":144},{"inner":211},{"inner":39},{"inner":31},{"inner":89},{"inner":45},{"inner":113},{"inner":122},{"inner":245},{"inner":169},{"inner":218},{"inner":51},{"inner":195},{"inner":155},{"inner":194}]}